;victoire;not_lose;home;Poss;age;SoT;Dist;Cmp%;Int;Fls;diff_value;repos;Mois;Sh;PK;CrdY;CrdR;card;opp_Sh;coup_arret;opp_fls
count;1547.0;1547.0;1547.0;1547.0;1547.0;1547.0;1547.0;1547.0;1547.0;1547.0;1547.0;1547.0;1547.0;1547.0;1547.0;1547.0;1547.0;1547.0;1547.0;1547.0;1547.0
mean;0.37168713639301876;0.6289592760180995;0.5003232062055591;50.012928248222366;25.146800258565;4.097608274078862;17.83904330963156;78.79553975436347;10.098901098901099;13.270200387847447;0.33692307692307666;6.817065287653523;6.629605688429218;12.668390433096315;0.14996767937944408;2.310924369747899;0.10665804783451842;2.416289592760181;12.650937297996121;0.6147382029734971;13.265029088558501
std;0.48341169527039995;0.48323954272148617;0.5001615769956499;9.603044385587438;0.9957125622635049;2.4017917458236617;3.0700786283126575;6.490810462150778;4.159798679377974;3.8810796098285003;251.44755865493684;5.657724886409855;3.8803885506051268;5.4392377027173;0.3867196255847325;1.3708868571114268;0.3310196545710805;1.4886177684195399;5.436538863377388;0.7889862692719977;3.884101844304328
min;0.0;0.0;0.0;18.0;23.6;0.0;7.7;49.8;1.0;3.0;-571.94;3.0;1.0;1.0;0.0;0.0;0.0;0.0;0.0;0.0;3.0
25%;0.0;0.0;0.0;43.0;24.5;2.0;15.7;74.9;7.0;11.0;-165.70000000000005;4.0;3.0;9.0;0.0;1.0;0.0;1.0;9.0;0.0;11.0
50%;0.0;1.0;1.0;50.0;25.0;4.0;17.7;79.6;10.0;13.0;2.050000000000012;6.0;8.0;12.0;0.0;2.0;0.0;2.0;12.0;0.0;13.0
75%;1.0;1.0;1.0;57.0;25.4;6.0;19.6;83.5;13.0;16.0;165.70000000000005;7.0;10.0;16.0;0.0;3.0;0.0;3.0;16.0;1.0;16.0
max;1.0;1.0;1.0;82.0;27.2;16.0;32.4;92.7;28.0;28.0;571.94;54.0;12.0;46.0;3.0;8.0;2.0;9.0;46.0;5.0;28.0
